id,courseId,title
1,1,Lesson1
2,1,Lesson2
3,1,Lesson3
4,1,Lesson4
5,1,Lesson5
6,1,Lesson6
7,1,Lesson7
8,2,Lesson1
9,2,Lesson2
10,2,Lesson3
11,2,Lesson4
12,2,Lesson5
13,2,Lesson6
14,2,Lesson7
15,2,Lesson8
16,3,Lesson1
17,3,Lesson2
18,3,Lesson3
19,3,Lesson4
20,3,Lesson5
21,3,Lesson6
22,3,Lesson7
23,3,Lesson8
24,3,Lesson9
25,3,Lesson10
26,3,Lesson11
27,3,Lesson12
28,3,Lesson13
29,3,Lesson14
30,3,Lesson15
31,3,Lesson16
32,3,Lesson17
33,3,Lesson18
34,3,Lesson19
35,4,Lesson1
36,4,Lesson2
37,4,Lesson3
38,4,Lesson4
39,4,Lesson5
40,4,Lesson6
41,4,Lesson7
42,4,Lesson8
43,4,Lesson9
44,4,Lesson10
45,4,Lesson11
46,4,Lesson12
47,4,Lesson13
48,4,Lesson14
49,4,Lesson15
50,4,Lesson16
51,4,Lesson17
52,4,Lesson18
53,4,Lesson19
54,4,Lesson20
55,4,Lesson21
56,4,Lesson22
57,4,Lesson23
58,4,Lesson24
59,4,Lesson25
60,4,Lesson26
61,5,Lesson1
62,5,Lesson2
63,5,Lesson3
64,5,Lesson4
65,5,Lesson5
66,5,Lesson6
67,5,Lesson7
68,5,Lesson8
69,5,Lesson9
70,5,Lesson10
71,5,Lesson11
72,5,Lesson12
73,5,Lesson13
74,5,Lesson14
75,5,Lesson15
76,5,Lesson16
77,5,Lesson17
78,5,Lesson18
79,5,Lesson19
80,5,Lesson20
81,5,Lesson21
82,5,Lesson22
83,5,Lesson23
84,5,Lesson24
85,5,Lesson25
86,5,Lesson26
87,6,Lesson1
88,6,Lesson2
89,6,Lesson3
90,7,Lesson1
91,7,Lesson2
92,7,Lesson3